symbol;unicode_name;mass_rel;center_x_norm;center_y_norm;Ix_norm;Iy_norm;image_path
А;CYRILLIC CAPITAL LETTER A;0.219727;0.534250;0.507496;0.011576;0.004252;lab7_output\reference_symbols\U+0410_А.png
Б;CYRILLIC CAPITAL LETTER BE;0.203857;0.464671;0.530197;0.012355;0.004190;lab7_output\reference_symbols\U+0411_Б.png
В;CYRILLIC CAPITAL LETTER VE;0.191895;0.477079;0.517751;0.011273;0.003751;lab7_output\reference_symbols\U+0412_В.png
Г;CYRILLIC CAPITAL LETTER GHE;0.134766;0.438837;0.457528;0.008617;0.000882;lab7_output\reference_symbols\U+0413_Г.png
Д;CYRILLIC CAPITAL LETTER DE;0.160400;0.532580;0.514919;0.007989;0.003191;lab7_output\reference_symbols\U+0414_Д.png
Є;CYRILLIC CAPITAL LETTER UKRAINIAN IE;0.191895;0.453633;0.489256;0.009400;0.005574;lab7_output\reference_symbols\U+0404_Є.png
Ж;CYRILLIC CAPITAL LETTER ZHE;0.217529;0.499706;0.510110;0.010443;0.008649;lab7_output\reference_symbols\U+0416_Ж.png
Ѕ;CYRILLIC CAPITAL LETTER DZE;0.170898;0.509070;0.546122;0.011325;0.005709;lab7_output\reference_symbols\U+0405_Ѕ.png
З;CYRILLIC CAPITAL LETTER ZE;0.177490;0.572084;0.537368;0.010120;0.005837;lab7_output\reference_symbols\U+0417_З.png
И;CYRILLIC CAPITAL LETTER I;0.242920;0.499848;0.498572;0.013830;0.006838;lab7_output\reference_symbols\U+0418_И.png
І;CYRILLIC CAPITAL LETTER BYELORUSSIAN-UKRAINIAN I;0.092285;0.492651;0.500000;0.005430;0.000111;lab7_output\reference_symbols\U+0406_І.png
Й;CYRILLIC CAPITAL LETTER SHORT I;0.185303;0.492440;0.552000;0.008315;0.003356;lab7_output\reference_symbols\U+0419_Й.png
К;CYRILLIC CAPITAL LETTER KA;0.234863;0.479688;0.503713;0.013659;0.006768;lab7_output\reference_symbols\U+041A_К.png
Л;CYRILLIC CAPITAL LETTER EL;0.180908;0.566223;0.564338;0.009793;0.004038;lab7_output\reference_symbols\U+041B_Л.png
М;CYRILLIC CAPITAL LETTER EM;0.270020;0.544950;0.535951;0.012531;0.012059;lab7_output\reference_symbols\U+041C_М.png
Н;CYRILLIC CAPITAL LETTER EN;0.241211;0.500000;0.500000;0.013808;0.006832;lab7_output\reference_symbols\U+041D_Н.png
О;CYRILLIC CAPITAL LETTER O;0.157227;0.499951;0.490733;0.006119;0.003614;lab7_output\reference_symbols\U+041E_О.png
П;CYRILLIC CAPITAL LETTER PE;0.237549;0.492063;0.497920;0.014000;0.007437;lab7_output\reference_symbols\U+041F_П.png
Р;CYRILLIC CAPITAL LETTER ER;0.166504;0.449960;0.445329;0.008543;0.004568;lab7_output\reference_symbols\U+0420_Р.png
С;CYRILLIC CAPITAL LETTER ES;0.157959;0.469100;0.491009;0.008009;0.004148;lab7_output\reference_symbols\U+0421_С.png
Т;CYRILLIC CAPITAL LETTER TE;0.172607;0.500864;0.416785;0.011342;0.002925;lab7_output\reference_symbols\U+0422_Т.png
Ѹ;CYRILLIC CAPITAL LETTER UK;0.125488;0.488142;0.433729;0.003606;0.004814;lab7_output\reference_symbols\U+0478_Ѹ.png
Ф;CYRILLIC CAPITAL LETTER EF;0.220947;0.491748;0.527072;0.008191;0.008931;lab7_output\reference_symbols\U+0424_Ф.png
Х;CYRILLIC CAPITAL LETTER HA;0.186279;0.497618;0.490836;0.012078;0.003990;lab7_output\reference_symbols\U+0425_Х.png
Ц;CYRILLIC CAPITAL LETTER TSE;0.151855;0.503598;0.481550;0.008119;0.002209;lab7_output\reference_symbols\U+0426_Ц.png
Ч;CYRILLIC CAPITAL LETTER CHE;0.187012;0.551204;0.434270;0.009585;0.004689;lab7_output\reference_symbols\U+0427_Ч.png
Ш;CYRILLIC CAPITAL LETTER SHA;0.303223;0.500000;0.501725;0.013952;0.017945;lab7_output\reference_symbols\U+0428_Ш.png
Щ;CYRILLIC CAPITAL LETTER SHCHA;0.201416;0.491698;0.429553;0.009127;0.005774;lab7_output\reference_symbols\U+0429_Щ.png
Ъ;CYRILLIC CAPITAL LETTER HARD SIGN;0.205322;0.501312;0.524187;0.013251;0.003431;lab7_output\reference_symbols\U+042A_Ъ.png
Ы;CYRILLIC CAPITAL LETTER YERU;0.293945;0.496968;0.538575;0.016530;0.018328;lab7_output\reference_symbols\U+042B_Ы.png
Ь;CYRILLIC CAPITAL LETTER SOFT SIGN;0.175781;0.451146;0.564418;0.009343;0.003006;lab7_output\reference_symbols\U+042C_Ь.png
Ѣ;CYRILLIC CAPITAL LETTER YAT;0.235596;0.532182;0.511226;0.012493;0.008428;lab7_output\reference_symbols\U+0462_Ѣ.png
Ю;CYRILLIC CAPITAL LETTER YU;0.282471;0.465229;0.495726;0.012830;0.015830;lab7_output\reference_symbols\U+042E_Ю.png
Ѵ;CYRILLIC CAPITAL LETTER IZHITSA;0.164795;0.434780;0.440212;0.009485;0.004487;lab7_output\reference_symbols\U+0474_Ѵ.png
Ѯ;CYRILLIC CAPITAL LETTER KSI;0.152100;0.499809;0.520599;0.008145;0.002411;lab7_output\reference_symbols\U+046E_Ѯ.png
Ѱ;CYRILLIC CAPITAL LETTER PSI;0.124023;0.472441;0.484939;0.005026;0.001329;lab7_output\reference_symbols\U+0470_Ѱ.png
Ѡ;CYRILLIC CAPITAL LETTER OMEGA;0.299805;0.485588;0.464066;0.014472;0.019129;lab7_output\reference_symbols\U+0460_Ѡ.png
Ѧ;CYRILLIC CAPITAL LETTER LITTLE YUS;0.257812;0.517106;0.575382;0.012691;0.011773;lab7_output\reference_symbols\U+0466_Ѧ.png
Ѩ;CYRILLIC CAPITAL LETTER IOTIFIED LITTLE YUS;0.199463;0.489790;0.537079;0.005800;0.011212;lab7_output\reference_symbols\U+0468_Ѩ.png
